source_node_id,target_node_id
HAPS-001,HAPS-001
HAPS-001,UAV-002
HAPS-001,UAV-003
HAPS-001,UAV-004
HAPS-001,UAV-005
HAPS-001,UAV-008
HAPS-001,UAV-009
HAPS-001,UAV-010
HAPS-001,UAV-011
HAPS-001,UAV-012
HAPS-001,UAV-013
HAPS-001,UAV-014
HAPS-001,UAV-015
HAPS-001,UAV-016
HAPS-001,UAV-017
HAPS-001,UAV-018
HAPS-001,UAV-019
HAPS-001,UAV-020
HAPS-001,UAV-021
HAPS-001,UAV-022
HAPS-001,UAV-023
HAPS-001,UAV-024
HAPS-001,UAV-025
HAPS-001,UAV-026
HAPS-001,UAV-027
HAPS-001,UAV-028
HAPS-001,UAV-029
HAPS-001,UAV-030
HAPS-001,UAV-031
HAPS-001,UAV-032
HAPS-001,UAV-033
HAPS-001,UAV-034
HAPS-001,UAV-035
HAPS-001,UAV-036
HAPS-001,UAV-037
HAPS-001,UAV-038
HAPS-001,UAV-039
HAPS-001,UAV-040
HAPS-001,UAV-041
HAPS-001,UAV-042
HAPS-001,UAV-043
HAPS-001,UAV-044
HAPS-001,UAV-045
HAPS-001,UAV-046
HAPS-001,UAV-047
HAPS-001,UAV-048
HAPS-001,UAV-049
HAPS-001,UAV-050
HAPS-001,UAV-051
HAPS-001,UAV-052
HAPS-001,UAV-053
HAPS-001,UAV-054
HAPS-001,UAV-055
HAPS-001,UAV-056
HAPS-001,UAV-057
HAPS-001,UAV-058
HAPS-001,UAV-059
HAPS-001,UAV-060
HAPS-001,UAV-061
HAPS-001,UAV-062
HAPS-001,UAV-063
HAPS-001,UAV-064
HAPS-001,UAV-065
HAPS-001,UAV-066
HAPS-001,UAV-067
HAPS-001,UAV-068
HAPS-001,UAV-069
HAPS-001,UAV-070
HAPS-001,UAV-071
HAPS-001,UAV-072
HAPS-001,UAV-073
HAPS-001,UAV-074
HAPS-001,UAV-075
HAPS-001,UAV-076
HAPS-001,UAV-077
HAPS-001,UAV-078
HAPS-001,UAV-079
HAPS-001,UAV-080
HAPS-001,UAV-081
HAPS-001,UAV-082
HAPS-001,UAV-083
HAPS-001,UAV-084
HAPS-001,UAV-085
HAPS-001,UAV-086
HAPS-001,UAV-087
HAPS-001,UAV-088
HAPS-001,UAV-089
HAPS-001,UAV-090
HAPS-001,UAV-091
HAPS-001,UAV-092
HAPS-001,UAV-093
HAPS-001,UAV-094
HAPS-001,UAV-095
HAPS-001,UAV-096
HAPS-001,UAV-097
HAPS-001,UAV-098
HAPS-001,UAV-099
HAPS-001,UAV-100
HAPS-001,UAV-101
HAPS-001,UAV-102
HAPS-001,UAV-103
HAPS-001,UAV-104
HAPS-001,UAV-105
HAPS-001,UAV-106
HAPS-001,UAV-107
HAPS-001,UAV-108
HAPS-001,UAV-109
HAPS-001,UAV-110
HAPS-001,UAV-111
HAPS-001,UAV-112
HAPS-001,UAV-113
HAPS-001,UAV-114
HAPS-001,UAV-115
HAPS-001,UAV-116
HAPS-001,UAV-117
HAPS-001,UAV-118
HAPS-001,UAV-119
HAPS-001,UAV-120
HAPS-001,UAV-121
HAPS-001,UAV-122
HAPS-001,UAV-123
HAPS-001,UAV-125
HAPS-001,UAV-126
HAPS-001,UAV-127
HAPS-001,UAV-128
HAPS-001,UAV-130
HAPS-001,UAV-196
HAPS-001,UAV-197
HAPS-001,UAV-198
HAPS-001,UAV-199
HAPS-001,UAV-200
HAPS-001,UAV-201
HAPS-001,UAV-202
HAPS-001,UAV-203
HAPS-001,UAV-204
HAPS-001,UAV-205
HAPS-001,UAV-206
HAPS-001,UAV-207
HAPS-001,UAV-208
HAPS-001,UAV-209
HAPS-001,UAV-210
HAPS-001,UAV-224
HAPS-001,UAV-226
HAPS-001,UAV-227
HAPS-001,UAV-228
HAPS-001,UAV-229
HAPS-001,UAV-230
HAPS-001,UAV-231
HAPS-001,UAV-232
HAPS-001,UAV-233
HAPS-001,UAV-234
HAPS-001,UAV-235
HAPS-001,UAV-236
HAPS-001,UAV-237
HAPS-001,UAV-238
HAPS-001,UAV-239
HAPS-001,UAV-240
HAPS-001,UAV-241
HAPS-001,UAV-242
HAPS-001,UAV-243
HAPS-001,UAV-244
HAPS-001,UAV-245
HAPS-001,UAV-246
HAPS-001,UAV-247
HAPS-001,UAV-248
HAPS-001,UAV-249
HAPS-001,UAV-250
HAPS-001,UAV-251
HAPS-001,UAV-252
HAPS-001,UAV-253
HAPS-001,UAV-254
HAPS-001,UAV-255
HAPS-001,UAV-256
HAPS-001,UAV-257
HAPS-001,UAV-258
HAPS-001,UAV-259
HAPS-001,UAV-260
HAPS-001,UAV-283
HAPS-001,UAV-284
HAPS-001,UAV-285
HAPS-001,UAV-286
HAPS-001,UAV-287
HAPS-001,UAV-288
HAPS-001,UAV-289
HAPS-001,UAV-290
HAPS-001,UAV-291
HAPS-001,UAV-292
HAPS-001,UAV-293
HAPS-001,UAV-294
HAPS-001,UAV-295
HAPS-001,UAV-296
HAPS-001,UAV-297
HAPS-001,UAV-298
HAPS-001,UAV-299
HAPS-001,UAV-300
HAPS-001,UAV-301
HAPS-001,UAV-302
HAPS-001,UAV-303
HAPS-001,UAV-304
HAPS-001,UAV-305
HAPS-001,UAV-306
HAPS-001,UAV-307
HAPS-001,UAV-308
HAPS-001,UAV-309
HAPS-001,UAV-310
HAPS-001,UAV-311
HAPS-002,HAPS-002
HAPS-002,UAV-081
HAPS-002,UAV-085
HAPS-002,UAV-086
HAPS-002,UAV-087
HAPS-002,UAV-088
HAPS-002,UAV-089
HAPS-002,UAV-090
HAPS-002,UAV-091
HAPS-002,UAV-092
HAPS-002,UAV-093
HAPS-002,UAV-094
HAPS-002,UAV-095
HAPS-002,UAV-096
HAPS-002,UAV-097
HAPS-002,UAV-098
HAPS-002,UAV-099
HAPS-002,UAV-100
HAPS-002,UAV-101
HAPS-002,UAV-102
HAPS-002,UAV-103
HAPS-002,UAV-104
HAPS-002,UAV-105
HAPS-002,UAV-106
HAPS-002,UAV-107
HAPS-002,UAV-108
HAPS-002,UAV-109
HAPS-002,UAV-110
HAPS-002,UAV-111
HAPS-002,UAV-112
HAPS-002,UAV-113
HAPS-002,UAV-114
HAPS-002,UAV-115
HAPS-002,UAV-116
HAPS-002,UAV-117
HAPS-002,UAV-118
HAPS-002,UAV-119
HAPS-002,UAV-120
HAPS-002,UAV-121
HAPS-002,UAV-122
HAPS-002,UAV-123
HAPS-002,UAV-124
HAPS-002,UAV-125
HAPS-002,UAV-126
HAPS-002,UAV-127
HAPS-002,UAV-128
HAPS-002,UAV-129
HAPS-002,UAV-130
HAPS-002,UAV-131
HAPS-002,UAV-132
HAPS-002,UAV-133
HAPS-002,UAV-134
HAPS-002,UAV-135
HAPS-002,UAV-136
HAPS-002,UAV-137
HAPS-002,UAV-138
HAPS-002,UAV-139
HAPS-002,UAV-140
HAPS-002,UAV-141
HAPS-002,UAV-142
HAPS-002,UAV-143
HAPS-002,UAV-144
HAPS-002,UAV-145
HAPS-002,UAV-146
HAPS-002,UAV-147
HAPS-002,UAV-148
HAPS-002,UAV-149
HAPS-002,UAV-150
HAPS-002,UAV-151
HAPS-002,UAV-152
HAPS-002,UAV-153
HAPS-002,UAV-154
HAPS-002,UAV-155
HAPS-002,UAV-156
HAPS-002,UAV-157
HAPS-002,UAV-158
HAPS-002,UAV-159
HAPS-002,UAV-160
HAPS-002,UAV-161
HAPS-002,UAV-162
HAPS-002,UAV-163
HAPS-002,UAV-164
HAPS-002,UAV-165
HAPS-002,UAV-166
HAPS-002,UAV-167
HAPS-002,UAV-168
HAPS-002,UAV-169
HAPS-002,UAV-170
HAPS-002,UAV-171
HAPS-002,UAV-172
HAPS-002,UAV-173
HAPS-002,UAV-174
HAPS-002,UAV-175
HAPS-002,UAV-176
HAPS-002,UAV-177
HAPS-002,UAV-178
HAPS-002,UAV-179
HAPS-002,UAV-180
HAPS-002,UAV-181
HAPS-002,UAV-182
HAPS-002,UAV-183
HAPS-002,UAV-184
HAPS-002,UAV-185
HAPS-002,UAV-186
HAPS-002,UAV-187
HAPS-002,UAV-188
HAPS-002,UAV-189
HAPS-002,UAV-190
HAPS-002,UAV-191
HAPS-002,UAV-192
HAPS-002,UAV-193
HAPS-002,UAV-194
HAPS-002,UAV-206
HAPS-002,UAV-207
HAPS-002,UAV-208
HAPS-002,UAV-209
HAPS-002,UAV-210
HAPS-002,UAV-211
HAPS-002,UAV-212
HAPS-002,UAV-213
HAPS-002,UAV-214
HAPS-002,UAV-215
HAPS-002,UAV-216
HAPS-002,UAV-217
HAPS-002,UAV-218
HAPS-002,UAV-249
HAPS-002,UAV-250
HAPS-002,UAV-251
HAPS-002,UAV-252
HAPS-002,UAV-253
HAPS-002,UAV-254
HAPS-002,UAV-255
HAPS-002,UAV-256
HAPS-002,UAV-257
HAPS-002,UAV-258
HAPS-002,UAV-259
HAPS-002,UAV-260
HAPS-002,UAV-261
HAPS-002,UAV-262
HAPS-002,UAV-263
HAPS-002,UAV-264
HAPS-002,UAV-265
HAPS-002,UAV-266
HAPS-002,UAV-267
HAPS-002,UAV-268
HAPS-002,UAV-269
HAPS-002,UAV-270
HAPS-002,UAV-271
HAPS-002,UAV-272
HAPS-002,UAV-273
HAPS-002,UAV-274
HAPS-002,UAV-275
HAPS-002,UAV-276
HAPS-002,UAV-277
HAPS-002,UAV-278
HAPS-002,UAV-279
HAPS-002,UAV-280
HAPS-002,UAV-281
HAPS-002,UAV-282
HAPS-002,UAV-304
HAPS-002,UAV-305
HAPS-002,UAV-306
HAPS-002,UAV-307
HAPS-002,UAV-308
HAPS-002,UAV-309
HAPS-002,UAV-310
HAPS-002,UAV-311
HAPS-002,UAV-312
HAPS-002,UAV-313
HAPS-002,UAV-314
HAPS-002,UAV-315
HAPS-002,UAV-316
HAPS-002,UAV-317
HAPS-002,UAV-318
HAPS-002,UAV-319
HAPS-002,UAV-320
HAPS-002,UAV-321
HAPS-002,UAV-322
HAPS-002,UAV-323
HAPS-002,UAV-324
HAPS-002,UAV-325
HAPS-002,UAV-326
HAPS-002,UAV-327
HAPS-002,UAV-328
HAPS-002,UAV-329
HAPS-002,UAV-330
HAPS-002,UAV-331
HAPS-002,UAV-332
HAPS-002,UAV-333
HAPS-003,HAPS-003
HAPS-003,UAV-001
HAPS-003,UAV-002
HAPS-003,UAV-003
HAPS-003,UAV-004
HAPS-003,UAV-005
HAPS-003,UAV-006
HAPS-003,UAV-007
HAPS-003,UAV-008
HAPS-003,UAV-009
HAPS-003,UAV-010
HAPS-003,UAV-011
HAPS-003,UAV-012
HAPS-003,UAV-013
HAPS-003,UAV-014
HAPS-003,UAV-015
HAPS-003,UAV-016
HAPS-003,UAV-017
HAPS-003,UAV-018
HAPS-003,UAV-019
HAPS-003,UAV-020
HAPS-003,UAV-021
HAPS-003,UAV-022
HAPS-003,UAV-023
HAPS-003,UAV-024
HAPS-003,UAV-025
HAPS-003,UAV-026
HAPS-003,UAV-027
HAPS-003,UAV-028
HAPS-003,UAV-029
HAPS-003,UAV-030
HAPS-003,UAV-031
HAPS-003,UAV-032
HAPS-003,UAV-033
HAPS-003,UAV-034
HAPS-003,UAV-035
HAPS-003,UAV-036
HAPS-003,UAV-037
HAPS-003,UAV-038
HAPS-003,UAV-039
HAPS-003,UAV-040
HAPS-003,UAV-041
HAPS-003,UAV-042
HAPS-003,UAV-043
HAPS-003,UAV-044
HAPS-003,UAV-045
HAPS-003,UAV-046
HAPS-003,UAV-047
HAPS-003,UAV-048
HAPS-003,UAV-049
HAPS-003,UAV-050
HAPS-003,UAV-051
HAPS-003,UAV-052
HAPS-003,UAV-053
HAPS-003,UAV-054
HAPS-003,UAV-055
HAPS-003,UAV-056
HAPS-003,UAV-059
HAPS-003,UAV-060
HAPS-003,UAV-061
HAPS-003,UAV-065
HAPS-003,UAV-195
HAPS-003,UAV-196
HAPS-003,UAV-197
HAPS-003,UAV-198
HAPS-003,UAV-199
HAPS-003,UAV-200
HAPS-003,UAV-201
HAPS-003,UAV-203
HAPS-003,UAV-219
HAPS-003,UAV-220
HAPS-003,UAV-221
HAPS-003,UAV-222
HAPS-003,UAV-223
HAPS-003,UAV-224
HAPS-003,UAV-225
HAPS-003,UAV-226
HAPS-003,UAV-227
HAPS-003,UAV-228
HAPS-003,UAV-229
HAPS-003,UAV-230
HAPS-003,UAV-231
HAPS-003,UAV-232
HAPS-003,UAV-233
HAPS-003,UAV-234
HAPS-003,UAV-235
HAPS-003,UAV-236
HAPS-003,UAV-237
HAPS-003,UAV-238
HAPS-003,UAV-239
HAPS-003,UAV-240
HAPS-003,UAV-283
HAPS-003,UAV-284
HAPS-003,UAV-285
HAPS-003,UAV-286
HAPS-003,UAV-287
HAPS-003,UAV-288
HAPS-003,UAV-289
HAPS-003,UAV-290
HAPS-003,UAV-291
HAPS-003,UAV-292
UAV-001,UAV-001
UAV-001,UAV-219
UAV-002,UAV-002
UAV-002,UAV-220
UAV-003,UAV-003
UAV-003,UAV-221
UAV-004,UAV-004
UAV-004,UAV-222
UAV-005,UAV-005
UAV-005,UAV-223
UAV-005,UAV-224
UAV-006,UAV-006
UAV-006,UAV-224
UAV-006,UAV-283
UAV-007,UAV-007
UAV-007,UAV-195
UAV-007,UAV-225
UAV-007,UAV-283
UAV-007,UAV-284
UAV-008,UAV-008
UAV-008,UAV-196
UAV-008,UAV-226
UAV-009,UAV-009
UAV-009,UAV-226
UAV-009,UAV-227
UAV-010,UAV-010
UAV-010,UAV-227
UAV-010,UAV-228
UAV-011,UAV-011
UAV-011,UAV-228
UAV-011,UAV-229
UAV-012,UAV-012
UAV-012,UAV-229
UAV-013,UAV-013
UAV-014,UAV-014
UAV-015,UAV-015
UAV-016,UAV-016
UAV-017,UAV-017
UAV-017,UAV-285
UAV-018,UAV-018
UAV-018,UAV-285
UAV-018,UAV-286
UAV-019,UAV-019
UAV-020,UAV-020
UAV-020,UAV-286
UAV-021,UAV-021
UAV-021,UAV-197
UAV-021,UAV-230
UAV-022,UAV-022
UAV-022,UAV-230
UAV-022,UAV-231
UAV-023,UAV-023
UAV-023,UAV-231
UAV-023,UAV-232
UAV-024,UAV-024
UAV-024,UAV-232
UAV-025,UAV-025
UAV-025,UAV-198
UAV-026,UAV-026
UAV-027,UAV-027
UAV-028,UAV-028
UAV-029,UAV-029
UAV-029,UAV-287
UAV-030,UAV-030
UAV-030,UAV-287
UAV-030,UAV-288
UAV-031,UAV-031
UAV-031,UAV-233
UAV-032,UAV-032
UAV-032,UAV-233
UAV-033,UAV-033
UAV-033,UAV-288
UAV-034,UAV-034
UAV-034,UAV-199
UAV-034,UAV-234
UAV-035,UAV-035
UAV-035,UAV-234
UAV-035,UAV-235
UAV-036,UAV-036
UAV-036,UAV-235
UAV-037,UAV-037
UAV-038,UAV-038
UAV-038,UAV-200
UAV-039,UAV-039
UAV-040,UAV-040
UAV-041,UAV-041
UAV-041,UAV-289
UAV-042,UAV-042
UAV-042,UAV-289
UAV-042,UAV-290
UAV-043,UAV-043
UAV-043,UAV-236
UAV-044,UAV-044
UAV-044,UAV-236
UAV-044,UAV-237
UAV-045,UAV-045
UAV-045,UAV-237
UAV-046,UAV-046
UAV-046,UAV-290
UAV-047,UAV-047
UAV-047,UAV-201
UAV-047,UAV-238
UAV-048,UAV-048
UAV-048,UAV-238
UAV-049,UAV-049
UAV-050,UAV-050
UAV-051,UAV-051
UAV-051,UAV-202
UAV-052,UAV-052
UAV-053,UAV-053
UAV-053,UAV-291
UAV-054,UAV-054
UAV-054,UAV-291
UAV-054,UAV-292
UAV-055,UAV-055
UAV-055,UAV-239
UAV-056,UAV-056
UAV-056,UAV-239
UAV-056,UAV-240
UAV-057,UAV-057
UAV-057,UAV-240
UAV-057,UAV-241
UAV-058,UAV-058
UAV-058,UAV-241
UAV-059,UAV-059
UAV-059,UAV-292
UAV-060,UAV-060
UAV-060,UAV-203
UAV-061,UAV-061
UAV-062,UAV-062
UAV-063,UAV-063
UAV-064,UAV-064
UAV-064,UAV-204
UAV-065,UAV-065
UAV-066,UAV-066
UAV-066,UAV-246
UAV-066,UAV-293
UAV-067,UAV-067
UAV-067,UAV-242
UAV-068,UAV-068
UAV-068,UAV-242
UAV-068,UAV-243
UAV-069,UAV-069
UAV-069,UAV-243
UAV-069,UAV-244
UAV-070,UAV-070
UAV-070,UAV-244
UAV-070,UAV-245
UAV-071,UAV-071
UAV-071,UAV-245
UAV-072,UAV-072
UAV-072,UAV-293
UAV-072,UAV-294
UAV-073,UAV-073
UAV-073,UAV-294
UAV-073,UAV-295
UAV-073,UAV-300
UAV-074,UAV-074
UAV-074,UAV-295
UAV-074,UAV-296
UAV-074,UAV-301
UAV-075,UAV-075
UAV-075,UAV-296
UAV-075,UAV-297
UAV-075,UAV-302
UAV-076,UAV-076
UAV-076,UAV-297
UAV-076,UAV-298
UAV-076,UAV-303
UAV-077,UAV-077
UAV-077,UAV-205
UAV-077,UAV-298
UAV-078,UAV-078
UAV-078,UAV-247
UAV-078,UAV-299
UAV-079,UAV-079
UAV-079,UAV-299
UAV-079,UAV-300
UAV-080,UAV-080
UAV-080,UAV-300
UAV-080,UAV-301
UAV-081,UAV-081
UAV-081,UAV-301
UAV-081,UAV-302
UAV-082,UAV-082
UAV-082,UAV-302
UAV-082,UAV-303
UAV-083,UAV-083
UAV-083,UAV-303
UAV-083,UAV-304
UAV-084,UAV-084
UAV-084,UAV-248
UAV-085,UAV-085
UAV-086,UAV-086
UAV-087,UAV-087
UAV-088,UAV-088
UAV-089,UAV-089
UAV-089,UAV-304
UAV-090,UAV-090
UAV-090,UAV-304
UAV-090,UAV-305
UAV-091,UAV-091
UAV-091,UAV-248
UAV-091,UAV-249
UAV-091,UAV-305
UAV-091,UAV-306
UAV-092,UAV-092
UAV-092,UAV-206
UAV-092,UAV-250
UAV-093,UAV-093
UAV-093,UAV-250
UAV-093,UAV-251
UAV-094,UAV-094
UAV-094,UAV-251
UAV-094,UAV-252
UAV-095,UAV-095
UAV-095,UAV-252
UAV-095,UAV-253
UAV-096,UAV-096
UAV-096,UAV-253
UAV-097,UAV-097
UAV-098,UAV-098
UAV-099,UAV-099
UAV-100,UAV-100
UAV-101,UAV-101
UAV-101,UAV-307
UAV-102,UAV-102
UAV-102,UAV-307
UAV-102,UAV-308
UAV-103,UAV-103
UAV-104,UAV-104
UAV-104,UAV-308
UAV-105,UAV-105
UAV-105,UAV-207
UAV-105,UAV-254
UAV-106,UAV-106
UAV-106,UAV-254
UAV-106,UAV-255
UAV-107,UAV-107
UAV-107,UAV-255
UAV-107,UAV-256
UAV-108,UAV-108
UAV-108,UAV-256
UAV-109,UAV-109
UAV-109,UAV-208
UAV-110,UAV-110
UAV-111,UAV-111
UAV-112,UAV-112
UAV-113,UAV-113
UAV-113,UAV-309
UAV-114,UAV-114
UAV-114,UAV-309
UAV-114,UAV-310
UAV-115,UAV-115
UAV-115,UAV-257
UAV-116,UAV-116
UAV-116,UAV-257
UAV-117,UAV-117
UAV-117,UAV-310
UAV-118,UAV-118
UAV-118,UAV-209
UAV-118,UAV-258
UAV-119,UAV-119
UAV-119,UAV-258
UAV-119,UAV-259
UAV-120,UAV-120
UAV-120,UAV-259
UAV-121,UAV-121
UAV-122,UAV-122
UAV-122,UAV-210
UAV-123,UAV-123
UAV-124,UAV-124
UAV-125,UAV-125
UAV-125,UAV-311
UAV-126,UAV-126
UAV-126,UAV-311
UAV-126,UAV-312
UAV-127,UAV-127
UAV-127,UAV-260
UAV-128,UAV-128
UAV-128,UAV-260
UAV-128,UAV-261
UAV-129,UAV-129
UAV-129,UAV-261
UAV-130,UAV-130
UAV-130,UAV-312
UAV-131,UAV-131
UAV-131,UAV-211
UAV-131,UAV-262
UAV-132,UAV-132
UAV-132,UAV-262
UAV-133,UAV-133
UAV-134,UAV-134
UAV-135,UAV-135
UAV-135,UAV-212
UAV-136,UAV-136
UAV-137,UAV-137
UAV-137,UAV-313
UAV-138,UAV-138
UAV-138,UAV-313
UAV-138,UAV-314
UAV-139,UAV-139
UAV-139,UAV-263
UAV-140,UAV-140
UAV-140,UAV-263
UAV-140,UAV-264
UAV-141,UAV-141
UAV-141,UAV-264
UAV-141,UAV-265
UAV-142,UAV-142
UAV-142,UAV-265
UAV-143,UAV-143
UAV-143,UAV-314
UAV-144,UAV-144
UAV-144,UAV-213
UAV-145,UAV-145
UAV-146,UAV-146
UAV-147,UAV-147
UAV-148,UAV-148
UAV-148,UAV-214
UAV-149,UAV-149
UAV-150,UAV-150
UAV-150,UAV-270
UAV-150,UAV-315
UAV-151,UAV-151
UAV-151,UAV-266
UAV-152,UAV-152
UAV-152,UAV-266
UAV-152,UAV-267
UAV-153,UAV-153
UAV-153,UAV-267
UAV-153,UAV-268
UAV-154,UAV-154
UAV-154,UAV-268
UAV-154,UAV-269
UAV-155,UAV-155
UAV-155,UAV-269
UAV-156,UAV-156
UAV-156,UAV-315
UAV-156,UAV-316
UAV-157,UAV-157
UAV-157,UAV-316
UAV-157,UAV-317
UAV-157,UAV-322
UAV-158,UAV-158
UAV-158,UAV-317
UAV-158,UAV-318
UAV-158,UAV-323
UAV-159,UAV-159
UAV-159,UAV-318
UAV-159,UAV-319
UAV-159,UAV-324
UAV-160,UAV-160
UAV-160,UAV-319
UAV-160,UAV-320
UAV-160,UAV-325
UAV-161,UAV-161
UAV-161,UAV-215
UAV-161,UAV-320
UAV-162,UAV-162
UAV-162,UAV-271
UAV-162,UAV-321
UAV-163,UAV-163
UAV-163,UAV-321
UAV-163,UAV-322
UAV-164,UAV-164
UAV-164,UAV-322
UAV-164,UAV-323
UAV-165,UAV-165
UAV-165,UAV-323
UAV-165,UAV-324
UAV-166,UAV-166
UAV-166,UAV-324
UAV-166,UAV-325
UAV-167,UAV-167
UAV-167,UAV-325
UAV-167,UAV-326
UAV-168,UAV-168
UAV-168,UAV-272
UAV-169,UAV-169
UAV-170,UAV-170
UAV-171,UAV-171
UAV-172,UAV-172
UAV-173,UAV-173
UAV-173,UAV-326
UAV-174,UAV-174
UAV-174,UAV-326
UAV-174,UAV-327
UAV-175,UAV-175
UAV-175,UAV-272
UAV-175,UAV-273
UAV-175,UAV-327
UAV-175,UAV-328
UAV-176,UAV-176
UAV-176,UAV-216
UAV-176,UAV-274
UAV-177,UAV-177
UAV-177,UAV-274
UAV-177,UAV-275
UAV-178,UAV-178
UAV-178,UAV-275
UAV-178,UAV-276
UAV-179,UAV-179
UAV-179,UAV-276
UAV-179,UAV-277
UAV-180,UAV-180
UAV-180,UAV-277
UAV-181,UAV-181
UAV-182,UAV-182
UAV-182,UAV-330
UAV-183,UAV-183
UAV-183,UAV-331
UAV-184,UAV-184
UAV-184,UAV-332
UAV-185,UAV-185
UAV-185,UAV-329
UAV-185,UAV-333
UAV-186,UAV-186
UAV-186,UAV-329
UAV-187,UAV-187
UAV-188,UAV-188
UAV-188,UAV-281
UAV-189,UAV-189
UAV-189,UAV-217
UAV-189,UAV-278
UAV-189,UAV-330
UAV-189,UAV-331
UAV-190,UAV-190
UAV-190,UAV-278
UAV-190,UAV-279
UAV-190,UAV-331
UAV-190,UAV-332
UAV-191,UAV-191
UAV-191,UAV-279
UAV-191,UAV-280
UAV-191,UAV-332
UAV-191,UAV-333
UAV-192,UAV-192
UAV-192,UAV-280
UAV-192,UAV-333
UAV-193,UAV-193
UAV-193,UAV-218
UAV-193,UAV-281
UAV-193,UAV-282
UAV-194,UAV-194
UAV-195,UAV-195
UAV-196,UAV-196
UAV-197,UAV-197
UAV-198,UAV-198
UAV-199,UAV-199
UAV-200,UAV-200
UAV-201,UAV-201
UAV-202,UAV-202
UAV-203,UAV-203
UAV-204,UAV-204
UAV-205,UAV-205
UAV-206,UAV-206
UAV-207,UAV-207
UAV-208,UAV-208
UAV-209,UAV-209
UAV-210,UAV-210
UAV-211,UAV-211
UAV-212,UAV-212
UAV-213,UAV-213
UAV-214,UAV-214
UAV-215,UAV-215
UAV-216,UAV-216
UAV-217,UAV-217
UAV-217,UAV-330
UAV-218,UAV-218
UAV-219,UAV-219
UAV-220,UAV-220
UAV-221,UAV-221
UAV-222,UAV-222
UAV-223,UAV-223
UAV-224,UAV-224
UAV-225,UAV-225
UAV-225,UAV-283
UAV-225,UAV-284
UAV-226,UAV-226
UAV-227,UAV-227
UAV-228,UAV-228
UAV-229,UAV-229
UAV-229,UAV-285
UAV-230,UAV-230
UAV-231,UAV-231
UAV-232,UAV-232
UAV-232,UAV-287
UAV-233,UAV-233
UAV-234,UAV-234
UAV-235,UAV-235
UAV-235,UAV-289
UAV-236,UAV-236
UAV-237,UAV-237
UAV-238,UAV-238
UAV-238,UAV-291
UAV-239,UAV-239
UAV-240,UAV-240
UAV-241,UAV-241
UAV-242,UAV-242
UAV-242,UAV-295
UAV-243,UAV-243
UAV-243,UAV-296
UAV-244,UAV-244
UAV-244,UAV-297
UAV-245,UAV-245
UAV-245,UAV-298
UAV-246,UAV-246
UAV-246,UAV-293
UAV-247,UAV-247
UAV-247,UAV-299
UAV-248,UAV-248
UAV-249,UAV-249
UAV-249,UAV-305
UAV-249,UAV-306
UAV-250,UAV-250
UAV-251,UAV-251
UAV-252,UAV-252
UAV-253,UAV-253
UAV-253,UAV-307
UAV-254,UAV-254
UAV-255,UAV-255
UAV-256,UAV-256
UAV-256,UAV-309
UAV-257,UAV-257
UAV-258,UAV-258
UAV-259,UAV-259
UAV-259,UAV-311
UAV-260,UAV-260
UAV-261,UAV-261
UAV-262,UAV-262
UAV-262,UAV-313
UAV-263,UAV-263
UAV-264,UAV-264
UAV-265,UAV-265
UAV-266,UAV-266
UAV-266,UAV-317
UAV-267,UAV-267
UAV-267,UAV-318
UAV-268,UAV-268
UAV-268,UAV-319
UAV-269,UAV-269
UAV-269,UAV-320
UAV-270,UAV-270
UAV-270,UAV-315
UAV-271,UAV-271
UAV-271,UAV-321
UAV-272,UAV-272
UAV-273,UAV-273
UAV-273,UAV-327
UAV-273,UAV-328
UAV-274,UAV-274
UAV-275,UAV-275
UAV-276,UAV-276
UAV-277,UAV-277
UAV-277,UAV-329
UAV-278,UAV-278
UAV-278,UAV-330
UAV-278,UAV-331
UAV-279,UAV-279
UAV-279,UAV-331
UAV-279,UAV-332
UAV-280,UAV-280
UAV-280,UAV-332
UAV-280,UAV-333
UAV-281,UAV-281
UAV-282,UAV-282
UAV-283,UAV-283
UAV-284,UAV-284
UAV-285,UAV-285
UAV-286,UAV-286
UAV-287,UAV-287
UAV-288,UAV-288
UAV-289,UAV-289
UAV-290,UAV-290
UAV-291,UAV-291
UAV-292,UAV-292
UAV-293,UAV-293
UAV-294,UAV-294
UAV-295,UAV-295
UAV-296,UAV-296
UAV-297,UAV-297
UAV-298,UAV-298
UAV-299,UAV-299
UAV-300,UAV-300
UAV-301,UAV-301
UAV-302,UAV-302
UAV-303,UAV-303
UAV-304,UAV-304
UAV-305,UAV-305
UAV-306,UAV-306
UAV-307,UAV-307
UAV-308,UAV-308
UAV-309,UAV-309
UAV-310,UAV-310
UAV-311,UAV-311
UAV-312,UAV-312
UAV-313,UAV-313
UAV-314,UAV-314
UAV-315,UAV-315
UAV-316,UAV-316
UAV-317,UAV-317
UAV-318,UAV-318
UAV-319,UAV-319
UAV-320,UAV-320
UAV-321,UAV-321
UAV-322,UAV-322
UAV-323,UAV-323
UAV-324,UAV-324
UAV-325,UAV-325
UAV-326,UAV-326
UAV-327,UAV-327
UAV-328,UAV-328
UAV-329,UAV-329
UAV-330,UAV-330
UAV-331,UAV-331
UAV-332,UAV-332
UAV-333,UAV-333
